feature,Importance
session_title,0.021405690597324223
3393b68b,0.002261164499717294
accumulated_accuracy_group,0.0014697569248162123
7525289a,0.00139438477482563
Chest Sorter (Assessment)_3121,0.0013190126248350698
45d01abe,0.0012436404748445095
Crystal Caves - Level 3_2000,0.0010928961748633448
Crystal Caves - Level 3,0.0009798379498774823
Bird Measurer (Assessment)_4100,0.0009421518748822022
accumulated_accuracy,0.00094215187488218
8fee50e2,0.0008290936498963175
acc_Chest Sorter (Assessment),0.0007537214999057351
Bird Measurer (Assessment)_3021,0.0007537214999057129
222660ff,0.000716035424910455
e4f1efe6,0.0007160354249104329
acc_Bird Measurer (Assessment),0.0006029771999245925
Bird Measurer (Assessment)_2010,0.0005652911249293124
9c5ef70c,0.0005652911249292902
f6947f54,0.0004899189749387079
3020,0.0004522328999434277
Pan Balance_3120,0.00045223289994340555
Cart Balancer (Assessment)_4100,0.00045223289994340555
a592d54e,0.00037686074995286757
Chest Sorter (Assessment)_4030,0.00037686074995286757
0db6d71d,0.00037686074995284534
3020_g,0.00037686074995282317
3120,0.00037686074995282317
070a5291,0.00037686074995282317
Pan Balance,0.00033917467495756524
Welcome to Lost Lagoon!,0.00033917467495754307
38074c54,0.00033917467495754307
363d3849,0.00033917467495752084
12 Monkeys,0.00033917467495752084
Crystal Caves - Level 1_2000,0.00033917467495752084
160654fd,0.0003014885999622852
1c178d24,0.00030148859996226296
Chest Sorter (Assessment)_2030,0.00030148859996226296
Chest Sorter (Assessment)_2010,0.00030148859996226296
Cauldron Filler (Assessment)_2000,0.00030148859996226296
2050,0.00030148859996224073
Leaf Leader_2060,0.00030148859996224073
4090,0.00026380252496698285
Egg Dropper (Activity)_2000,0.00026380252496698285
Mushroom Sorter (Assessment)_2010,0.0002638025249669607
15f99afc,0.0002638025249669607
3afb49e6,0.0002638025249669607
Egg Dropper (Activity)_4070,0.0002638025249669607
Chest Sorter (Assessment)_4040,0.0002638025249669607
5e109ec3,0.00022611644997170278
e7561dd2,0.00022611644997168058
Leaf Leader_3121,0.00022611644997168058
d122731b,0.00022611644997168058
Pan Balance_3020,0.00022611644997168058
accumulated_actions,0.00018843037497640047
Fireworks (Activity)_4090,0.00018843037497640047
3b2048ee,0.00018843037497640047
9b23e8ee,0.00018843037497640047
Cauldron Filler (Assessment)_3120,0.00018843037497640047
Chest Sorter (Assessment)_3021,0.00018843037497640047
4021_A,0.00018843037497640047
Cart Balancer (Assessment)_4020,0.00018843037497640047
2080,0.00018843037497640047
Pan Balance_3010,0.00018843037497640047
907a054b,0.00018843037497640047
7ab78247,0.00018843037497640047
6cf7d25c,0.00018843037497640047
2000,0.00018843037497637827
Assessment,0.0001507442999811426
9ee1c98c,0.00015074429998112037
Mushroom Sorter (Assessment)_2025,0.00015074429998112037
Pirate's Tale,0.00015074429998112037
Flower Waterer (Activity)_4022,0.00015074429998112037
3dcdda7f,0.00015074429998112037
Pan Balance_3110,0.00015074429998112037
Bird Measurer (Assessment)_2020,0.00015074429998112037
Clip_duration_std,0.00015074429998112037
c6971acf,0.00015074429998112037
bd612267,0.00015074429998112037
Cart Balancer (Assessment)_3010,0.00015074429998112037
a5e9da97,0.00015074429998112037
0086365d,0.00015074429998112037
5b49460a,0.00015074429998109817
e9c52111,0.00011305822498584029
cc5087a3,0.00011305822498584029
Activity_sum_event_count,0.00011305822498584029
2025_g,0.00011305822498584029
e080a381,0.00011305822498584029
Crystal Caves - Level 2_2000,0.00011305822498584029
Mushroom Sorter (Assessment)_4040,0.00011305822498584029
All Star Sorting_3110,0.00011305822498584029
71e712d8,0.00011305822498584029
Watering Hole (Activity)_4020,0.00011305822498584029
4230_g,0.00011305822498584029
562cec5f,0.00011305822498584029
f3cd5473,0.00011305822498584029
3010_g,0.00011305822498584029
Chest Sorter (Assessment)_3020,0.00011305822498584029
4100_g,0.00011305822498584029
Bird Measurer (Assessment)_3110,0.00011305822498584029
9ce586dd,0.00011305822498584029
6bf9e3e1,0.00011305822498584029
5d042115,0.00011305822498584029
4070_g,0.00011305822498581808
f54238ee,0.00011305822498581808
91561152,0.00011305822498581808
a5be6304,0.00011305822498581808
155f62a4,0.00011305822498581808
4100,0.00011305822498581808
f5b8c21a,0.00011305822498581808
Bird Measurer (Assessment)_4020,0.00011305822498581808
All Star Sorting_3010,7.537214999056018e-05
Scrub-A-Dub_3020,7.537214999056018e-05
a44b10dc,7.537214999056018e-05
Crystal Caves - Level 1,7.537214999056018e-05
1996c610,7.537214999056018e-05
ad148f58,7.537214999056018e-05
2dc29e21,7.537214999056018e-05
Bubble Bath_4020,7.537214999056018e-05
736f9581,7.537214999056018e-05
c952eb01,7.537214999056018e-05
31973d56,7.537214999056018e-05
4022,7.537214999056018e-05
cf7638f3,7.537214999056018e-05
All Star Sorting_2030,7.537214999056018e-05
461eace6,7.537214999056018e-05
Chow Time_3021,7.537214999056018e-05
4c2ec19f,7.537214999053798e-05
3110,7.537214999053798e-05
Chest Sorter (Assessment)_4020,7.537214999053798e-05
7da34a02,7.537214999053798e-05
3110_A,7.537214999053798e-05
acc_Cauldron Filler (Assessment),7.537214999053798e-05
Pan Balance_2020,7.537214999053798e-05
5f0eb72c,7.537214999053798e-05
7372e1a5,7.537214999051579e-05
Chest Sorter (Assessment)_4025,7.537214999051579e-05
Costume Box,3.768607499528009e-05
Activity_duration_std,3.768607499528009e-05
Dino Dive_3121,3.768607499528009e-05
4020,3.768607499528009e-05
Cauldron Filler (Assessment)_4035,3.768607499528009e-05
3bfd1a65,3.768607499528009e-05
0d18d96c,3.768607499528009e-05
Air Show_2020,3.768607499528009e-05
250513af,3.768607499528009e-05
a1e4395d,3.768607499528009e-05
Sandcastle Builder (Activity)_4035,3.768607499528009e-05
Bubble Bath_3010,3.768607499528009e-05
Fireworks (Activity)_3110,3.768607499528009e-05
b80e5e84,3.768607499528009e-05
Bottle Filler (Activity)_2020,3.768607499528009e-05
Egg Dropper (Activity)_2020,3.768607499525789e-05
d3268efa,3.768607499525789e-05
4030_A,3.768607499525789e-05
4090_g,3.768607499525789e-05
c51d8688,3.768607499525789e-05
Bird Measurer (Assessment)_4070,3.768607499525789e-05
Bug Measurer (Activity)_4025,3.768607499525789e-05
a76029ee,3.768607499525789e-05
ab3136ba,3.768607499525789e-05
Bird Measurer (Assessment)_3010,3.768607499525789e-05
Chow Time_4035,3.768607499525789e-05
1bb5fbdb,3.768607499523569e-05
Tree Top City - Level 3,3.768607499523569e-05
Bird Measurer (Assessment)_3121,3.768607499523569e-05
Chest Sorter (Assessment)_2020,3.768607499523569e-05
Rulers_2000,3.768607499523569e-05
3121,3.768607499523569e-05
Dino Drink_2075,0.0
3120_A,0.0
Crystals Rule_2020,0.0
Happy Camel_2000,0.0
Sandcastle Builder (Activity)_4021,0.0
Scrub-A-Dub_2081,0.0
4025_g,0.0
Dino Dive_3110,0.0
4100_A,0.0
Bubble Bath_3021,0.0
Bottle Filler (Activity)_4070,0.0
Air Show_2075,0.0
4235_A,0.0
5010_A,0.0
4021_g,0.0
2080_A,0.0
Crystals Rule_3010,0.0
Scrub-A-Dub_4010,0.0
3120_g,0.0
4022_g,0.0
4010_A,0.0
Air Show_4110,0.0
4031_g,0.0
Cart Balancer (Assessment)_4035,0.0
Scrub-A-Dub_4080,0.0
Fireworks (Activity)_4030,0.0
Happy Camel_4090,0.0
2075_A,0.0
2083_A,0.0
2070_A,0.0
Dino Drink_3021,0.0
Dino Drink_2000,0.0
Egg Dropper (Activity)_4080,0.0
Air Show_4070,0.0
4230_A,0.0
All Star Sorting_3021,0.0
2081_A,0.0
Bubble Bath_3020,0.0
Mushroom Sorter (Assessment)_3010,0.0
Mushroom Sorter (Assessment)_4090,0.0
2010_g,0.0
"Heavy, Heavier, Heaviest",0.0
Fireworks (Activity),0.0
Dino Drink,0.0
Flower Waterer (Activity),0.0
Dino Dive,0.0
Honey Cake,0.0
Bottle Filler (Activity),0.0
4095_g,0.0
Chow Time,0.0
4050_g,0.0
2010_A,0.0
Tree Top City - Level 1,0.0
4050_A,0.0
Cauldron Filler (Assessment),0.0
Leaf Leader,0.0
2025_A,0.0
2030_A,0.0
4080_A,0.0
Treasure Map,0.0
Lifting Heavy Things,0.0
Magma Peak - Level 1,0.0
2035_A,0.0
4080_g,0.0
Happy Camel,0.0
2040_g,0.0
Mushroom Sorter (Assessment),0.0
4095_A,0.0
4220_A,0.0
4090_A,0.0
2040_A,0.0
4220_g,0.0
2000_A,0.0
Bubble Bath,0.0
3121_A,0.0
Air Show_2070,0.0
Mushroom Sorter (Assessment)_4080,0.0
3010_A,0.0
12 Monkeys_2000,0.0
4031_A,0.0
Bird Measurer (Assessment)_4080,0.0
Bubble Bath_4235,0.0
Chow Time_4010,0.0
Air Show,0.0
Bubble Bath_4045,0.0
Happy Camel_3020,0.0
Cart Balancer (Assessment)_4040,0.0
4025_A,0.0
2050_A,0.0
Bubble Bath_3121,0.0
4040_g,0.0
4040_A,0.0
3020_A,0.0
Flower Waterer (Activity)_2000,0.0
Crystals Rule_2000,0.0
Magma Peak - Level 1_2000,0.0
Leaf Leader_3010,0.0
3021_A,0.0
Sandcastle Builder (Activity)_3010,0.0
Dino Dive_4090,0.0
Bottle Filler (Activity)_4090,0.0
4045_A,0.0
4110_A,0.0
Bird Measurer (Assessment)_4040,0.0
Scrub-A-Dub_2080,0.0
Chest Sorter (Assessment)_4035,0.0
Crystals Rule,0.0
2060_A,0.0
Scrub-A-Dub_2030,0.0
Sandcastle Builder (Activity)_2000,0.0
Bird Measurer (Assessment)_4035,0.0
Bottle Filler (Activity)_2010,0.0
Bottle Filler (Activity)_4035,0.0
Crystals Rule_3020,0.0
Crystals Rule_2030,0.0
Leaf Leader_2070,0.0
Scrub-A-Dub_4070,0.0
Air Show_4090,0.0
Dino Drink_2070,0.0
Happy Camel_4020,0.0
Happy Camel_4035,0.0
Chicken Balancer (Activity)_4022,0.0
Dino Dive_4080,0.0
Cauldron Filler (Assessment)_4080,0.0
Bubble Bath_4080,0.0
All Star Sorting_3121,0.0
Happy Camel_4080,0.0
Happy Camel_4030,0.0
Leaf Leader_3110,0.0
Fireworks (Activity)_4020,0.0
Dino Drink_4090,0.0
Dino Drink_2030,0.0
Dino Dive_4010,0.0
Watering Hole (Activity)_3110,0.0
Flower Waterer (Activity)_4090,0.0
Cart Balancer (Assessment)_4090,0.0
Mushroom Sorter (Assessment)_2020,0.0
Chow Time_4090,0.0
Bubble Bath_3120,0.0
Chow Time_2000,0.0
Honey Cake_2000,0.0
Crystals Rule_4050,0.0
Leaf Leader_3120,0.0
Bubble Bath_4090,0.0
Crystals Rule_3110,0.0
Crystals Rule_4090,0.0
All Star Sorting_4030,0.0
All Star Sorting_4080,0.0
Pirate's Tale_2000,0.0
Bubble Bath_2080,0.0
Dino Dive_2000,0.0
Watering Hole (Activity)_4090,0.0
Happy Camel_3120,0.0
Scrub-A-Dub_2000,0.0
Happy Camel_2083,0.0
Leaf Leader_4020,0.0
Dino Dive_3120,0.0
Dino Dive_3020,0.0
Chow Time_4030,0.0
Chicken Balancer (Activity)_3110,0.0
Dino Dive_4020,0.0
Bubble Bath_2083,0.0
Sandcastle Builder (Activity)_4090,0.0
Bubble Bath_2035,0.0
Chicken Balancer (Activity)_4070,0.0
Scrub-A-Dub_2020,0.0
hour,0.0
weekday,0.0
Clip_duration_mean,0.0
1,0.0
2,0.0
Cauldron Filler (Assessment)_2030,0.0
Bubble Bath_4040,0.0
Happy Camel_2081,0.0
Chest Sorter (Assessment)_4090,0.0
Welcome to Lost Lagoon!_2000,0.0
Egg Dropper (Activity)_4090,0.0
Mushroom Sorter (Assessment)_2035,0.0
Dino Dive_2070,0.0
Flower Waterer (Activity)_3010,0.0
Slop Problem_2000,0.0
Dino Drink_4080,0.0
Air Show_4080,0.0
Sandcastle Builder (Activity)_2010,0.0
Watering Hole (Activity)_2010,0.0
Bubble Bath_4230,0.0
Bubble Bath_2020,0.0
Leaf Leader_4095,0.0
Pan Balance_4020,0.0
Bubble Bath_4010,0.0
Watering Hole (Activity)_5000,0.0
Leaf Leader_4070,0.0
Dino Drink_2020,0.0
Scrub-A-Dub_3010,0.0
Scrub-A-Dub_2040,0.0
Mushroom Sorter (Assessment)_4035,0.0
Chow Time_4095,0.0
Chow Time_2020,0.0
Dino Drink_3120,0.0
Dino Drink_3121,0.0
Leaf Leader_4090,0.0
Fireworks (Activity)_4080,0.0
Bubble Bath_2030,0.0
2083_g,0.0
Dino Dive_2060,0.0
Bug Measurer (Activity)_4090,0.0
Chicken Balancer (Activity)_4030,0.0
Bottle Filler (Activity)_4020,0.0
Ordering Spheres_2000,0.0
Happy Camel_4070,0.0
"Heavy, Heavier, Heaviest_2000",0.0
Chow Time_3010,0.0
Flower Waterer (Activity)_4070,0.0
Watering Hole (Activity)_4021,0.0
Bubble Bath_4095,0.0
Treasure Map_2000,0.0
Chicken Balancer (Activity)_4090,0.0
Dino Drink_4010,0.0
Scrub-A-Dub_3021,0.0
Sandcastle Builder (Activity)_3110,0.0
All Star Sorting_2020,0.0
Scrub-A-Dub_2050,0.0
Chicken Balancer (Activity)_4080,0.0
Pan Balance_4090,0.0
Bird Measurer (Assessment)_4110,0.0
Pan Balance_2010,0.0
Cart Balancer (Assessment)_4080,0.0
Happy Camel_4045,0.0
Pan Balance_4080,0.0
Bug Measurer (Activity)_4080,0.0
All Star Sorting_4090,0.0
Dino Drink_3020,0.0
Bubble Bath_4070,0.0
Dino Drink_2060,0.0
Chow Time_4080,0.0
Leaf Leader_4080,0.0
Balancing Act_2000,0.0
Leaf Leader_2000,0.0
Happy Camel_4095,0.0
Flower Waterer (Activity)_4080,0.0
Air Show_3120,0.0
Air Show_3010,0.0
Watering Hole (Activity)_2000,0.0
Bottle Filler (Activity)_4080,0.0
Pan Balance_4035,0.0
Crystals Rule_3021,0.0
Scrub-A-Dub_4020,0.0
Cauldron Filler (Assessment)_2020,0.0
Flower Waterer (Activity)_4030,0.0
Scrub-A-Dub_4090,0.0
Flower Waterer (Activity)_4025,0.0
Mushroom Sorter (Assessment)_2000,0.0
Chow Time_4020,0.0
Chest Sorter (Assessment)_4080,0.0
All Star Sorting_4095,0.0
Leaf Leader_3020,0.0
Scrub-A-Dub_3120,0.0
Sandcastle Builder (Activity)_4080,0.0
Chicken Balancer (Activity)_3010,0.0
Crystals Rule_3121,0.0
Bird Measurer (Assessment)_4090,0.0
Chicken Balancer (Activity)_2000,0.0
Air Show_3020,0.0
Leaf Leader_2020,0.0
Dino Drink_4070,0.0
Bubble Bath_2025,0.0
Chow Time_3110,0.0
Bubble Bath_3110,0.0
Flower Waterer (Activity)_3110,0.0
Scrub-A-Dub_2083,0.0
Leaf Leader_2075,0.0
Watering Hole (Activity)_4070,0.0
Air Show_2030,0.0
Leaf Leader_4010,0.0
Air Show_2060,0.0
Mushroom Sorter (Assessment)_4025,0.0
Crystals Rule_2010,0.0
4010_g,0.0
4022_A,0.0
2081_g,0.0
587b5989,0.0
47026d5f,0.0
55115cbd,0.0
63f13dd7,0.0
06372577,0.0
7ad3efc6,0.0
b2dba42b,0.0
2230fab4,0.0
69fdac0a,0.0
c2baf0bd,0.0
8b757ab8,0.0
d88e8f25,0.0
d06f75b5,0.0
3bb91dda,0.0
003cd2ee,0.0
46cd75b4,0.0
a0faea5d,0.0
7fd1ac25,0.0
92687c59,0.0
3bb91ced,0.0
1b54d27f,0.0
cb6010f8,0.0
499edb7c,0.0
37ee8496,0.0
731c0cbe,0.0
19967db1,0.0
bc8f2793,0.0
763fc34e,0.0
6d90d394,0.0
26a5a3dd,0.0
3dfd4aa4,0.0
cdd22e43,0.0
5a848010,0.0
756e5507,0.0
dcb1663e,0.0
25fa8af4,0.0
2ec694de,0.0
e57dd7af,0.0
9ed8f6da,0.0
86c924c4,0.0
fcfdffb6,0.0
0d1da71f,0.0
abc5811c,0.0
4d6737eb,0.0
6f8106d9,0.0
77c76bc5,0.0
76babcde,0.0
df4940d3,0.0
30df3273,0.0
4a4c3d21,0.0
17ca3959,0.0
6aeafed4,0.0
598f4598,0.0
85d1b0de,0.0
b7dc8128,0.0
02a42007,0.0
77ead60d,0.0
fd20ea40,0.0
6043a2b4,0.0
f50fc6c1,0.0
15eb4a7d,0.0
33505eae,0.0
56cd3b43,0.0
d3640339,0.0
e64e2cfd,0.0
c7fe2a55,0.0
d9c005dd,0.0
1af8be29,0.0
0ce40006,0.0
d51b1749,0.0
47f43a44,0.0
ca11f653,0.0
9554a50b,0.0
01ca3a3c,0.0
51311d7a,0.0
58a0de5c,0.0
65abac75,0.0
7961e599,0.0
e7e44842,0.0
3babcb9b,0.0
cf82af56,0.0
28a4eb9a,0.0
5e812b27,0.0
6088b756,0.0
ac92046e,0.0
1cc7cfca,0.0
4bb2f698,0.0
dcb55a27,0.0
3d0b9317,0.0
3bf1cf26,0.0
d2278a3b,0.0
3323d7e9,0.0
d38c2fd7,0.0
37c53127,0.0
f28c589a,0.0
16dffff1,0.0
4095,0.0
4220,0.0
2035,0.0
4230,0.0
4235,0.0
2060,0.0
4110,0.0
5010,0.0
2070,0.0
2075,0.0
2081,0.0
2083,0.0
4010,0.0
4025,0.0
4040,0.0
4045,0.0
4050,0.0
2020,0.0
f806dc10,0.0
6077cc36,0.0
bcceccc6,0.0
1cf54632,0.0
9b01374f,0.0
e4d32835,0.0
4901243f,0.0
5f5b2617,0.0
f71c4741,0.0
08ff79ad,0.0
bbfe0445,0.0
8ac7cce4,0.0
14de4c5d,0.0
2a512369,0.0
e3ff61fb,0.0
90ea0bac,0.0
1575e76c,0.0
6f4adc4b,0.0
ecc6157f,0.0
8af75982,0.0
a29c5338,0.0
bfc77bd6,0.0
2fb91ec1,0.0
28ed704e,0.0
c189aaf2,0.0
beb0a7b9,0.0
d2659ab4,0.0
cb1178ad,0.0
1beb320a,0.0
eb2c19cd,0.0
7040c096,0.0
bd701df8,0.0
7d093bf9,0.0
86ba578b,0.0
16667cc5,0.0
90d848e0,0.0
08fd73f3,0.0
db02c830,0.0
ad2fc29c,0.0
5154fc30,0.0
7ec0c298,0.0
f7e47413,0.0
b012cd7f,0.0
d88ca108,0.0
ab4ec3a4,0.0
a2df0760,0.0
a8cc6fec,0.0
b1d5101d,0.0
47efca07,0.0
ea321fb1,0.0
7cf1bc53,0.0
2b9272f4,0.0
4074bac2,0.0
2060_g,0.0
e5c9df6f,0.0
9de5e594,0.0
15ba1109,0.0
4110_g,0.0
5010_g,0.0
6f4bd64e,0.0
3d8c61b0,0.0
0413e89d,0.0
5000_g,0.0
c54cf6c5,0.0
29a42aea,0.0
a6d66e51,0.0
85de926c,0.0
9d4e7b25,0.0
2050_g,0.0
ecc36b7f,0.0
c1cac9a2,0.0
4ef8cdd3,0.0
56bcd38d,0.0
67aa2ada,0.0
90efca10,0.0
7423acbc,0.0
7d5c30a2,0.0
3a4be871,0.0
dcaede90,0.0
611485c5,0.0
9e4c8c7b,0.0
4e5fc6f5,0.0
93edfe2e,0.0
e04fb33d,0.0
5e3ea25a,0.0
99abe2bb,0.0
6f445b57,0.0
2075_g,0.0
4a09ace1,0.0
37db1c2f,0.0
89aace00,0.0
828e68f9,0.0
895865f3,0.0
119b5b02,0.0
de26c3a6,0.0
77261ab5,0.0
2080_g,0.0
e5734469,0.0
3ddc79c3,0.0
05ad839b,0.0
8d748b58,0.0
5dc079d8,0.0
87d743c1,0.0
daac11b0,0.0
4b5efe37,0.0
5c3d2b2f,0.0
a1192f43,0.0
13f56524,0.0
5be391b5,0.0
71fe8f75,-2.2204460492503132e-17
2c4e6db0,-2.2204460492503132e-17
17113b36,-2.2204460492503132e-17
2030,-2.2204460492503132e-17
Slop Problem,-2.2204460492503132e-17
74e5f8a7,-2.2204460492503132e-17
Chow Time_3120,-2.2204460492503132e-17
Fireworks (Activity)_3010,-2.2204460492503132e-17
c58186bf,-2.2204460492503132e-17
duration_std,-2.2204460492503132e-17
6c930e6e,-2.2204460492503132e-17
832735e1,-2.2204460492503132e-17
Cart Balancer (Assessment)_4030,-2.2204460492503132e-17
804ee27f,-2.2204460492503132e-17
4030,-2.2204460492503132e-17
Tree Top City - Level 2_2000,-4.4408920985006264e-17
c7128948,-4.4408920985006264e-17
Leaf Leader_3021,-4.4408920985006264e-17
Cart Balancer (Assessment)_2020,-4.4408920985006264e-17
Game,-4.4408920985006264e-17
Leaf Leader_2030,-4.4408920985006264e-17
0a08139c,-6.661338147750939e-17
All Star Sorting_4035,-3.76860749953023e-05
Costume Box_2000,-3.76860749953023e-05
4080,-3.76860749953023e-05
Sandcastle Builder (Activity),-3.76860749953023e-05
3edf6747,-3.76860749953023e-05
Cauldron Filler (Assessment)_4090,-3.76860749953023e-05
All Star Sorting,-3.76860749953023e-05
8d84fa81,-3.76860749953023e-05
1375ccb7,-3.76860749953023e-05
d3f1e122,-3.76860749953023e-05
Chicken Balancer (Activity),-3.76860749953023e-05
Pan Balance_2030,-3.76860749953023e-05
Chow Time_4070,-3.76860749953023e-05
5348fd84,-3.76860749953023e-05
a7640a16,-3.76860749953023e-05
Bird Measurer (Assessment)_3020,-3.76860749953023e-05
2040,-3.76860749953023e-05
4021,-3.76860749953023e-05
Dino Drink_3110,-3.76860749953023e-05
7dfe6d8a,-3.76860749953023e-05
Scrub-A-Dub_3110,-3.76860749953023e-05
Cauldron Filler (Assessment)_4020,-3.76860749953023e-05
Mushroom Sorter (Assessment)_3120,-3.76860749953023e-05
Bird Measurer (Assessment)_2000,-3.76860749953023e-05
Cart Balancer (Assessment)_3110,-3.76860749953023e-05
Pan Balance_2000,-3.76860749953023e-05
84b0e0c8,-3.76860749953023e-05
4031,-3.76860749953023e-05
29f54413,-3.76860749953023e-05
Cauldron Filler (Assessment)_4040,-3.76860749953023e-05
Fireworks (Activity)_2000,-3.76860749953023e-05
3010,-3.76860749953245e-05
1340b8d7,-3.76860749953245e-05
Pan Balance_4100,-3.76860749953245e-05
Happy Camel_4010,-3.76860749953245e-05
Happy Camel_4040,-3.76860749953245e-05
Cauldron Filler (Assessment)_3020,-3.76860749953245e-05
4070_A,-3.76860749953245e-05
Cauldron Filler (Assessment)_3121,-3.76860749953245e-05
b120f2ac,-3.76860749953245e-05
Happy Camel_2020,-3.76860749953245e-05
4035_g,-3.768607499534671e-05
Cauldron Filler (Assessment)_4070,-3.768607499534671e-05
Bird Measurer (Assessment)_2030,-3.768607499534671e-05
2020_A,-3.768607499534671e-05
3021,-3.768607499534671e-05
Pan Balance_4070,-3.768607499534671e-05
All Star Sorting_4010,-7.53721499905824e-05
88d4a5be,-7.53721499905824e-05
Bottle Filler (Activity)_3010,-7.53721499906046e-05
Lifting Heavy Things_2000,-7.53721499906046e-05
f56e0afc,-7.53721499906046e-05
Pan Balance_4030,-7.53721499906046e-05
84538528,-7.53721499906046e-05
93b353f2,-7.53721499906046e-05
28520915,-7.53721499906046e-05
Air Show_4100,-7.53721499906046e-05
var_title,-7.53721499906046e-05
2070_g,-7.53721499906046e-05
df4fe8b6,-7.53721499906046e-05
Bird Measurer (Assessment)_3120,-7.53721499906046e-05
4045_g,-7.53721499906046e-05
d185d3ea,-7.53721499906046e-05
795e4a37,-7.53721499906046e-05
b88f38da,-7.53721499906046e-05
44cb4907,-7.53721499906046e-05
d2e9262e,-7.53721499906046e-05
Bottle Filler (Activity)_3110,-7.53721499906046e-05
Watering Hole (Activity)_3010,-7.53721499906046e-05
b7530680,-7.53721499906046e-05
Chest Sorter (Assessment)_4100,-7.53721499906046e-05
Chest Sorter (Assessment),-7.53721499906046e-05
e37a2b78,-7.53721499906046e-05
392e14df,-7.53721499906046e-05
Dino Dive_3021,-7.53721499906046e-05
3ee399c3,-7.53721499906046e-05
Air Show_3121,-7.53721499906046e-05
e720d930,-7.53721499906046e-05
Rulers,-7.53721499906046e-05
fbaf3456,-7.53721499906046e-05
Pan Balance_3021,-7.53721499906046e-05
Pan Balance_3121,-7.53721499906046e-05
Dino Dive_4070,-7.53721499906046e-05
Bug Measurer (Activity)_4030,-7.537214999062681e-05
Mushroom Sorter (Assessment)_4030,-7.537214999062681e-05
65a38bf7,-7.537214999062681e-05
1f19558b,-7.537214999062681e-05
duration_mean,-0.00011305822498588469
6c517a88,-0.00011305822498588469
Chest Sorter (Assessment)_2000,-0.00011305822498588469
cfbd47c8,-0.0001130582249859069
884228c8,-0.0001130582249859069
83c6c409,-0.0001130582249859069
Bird Measurer (Assessment)_4030,-0.0001130582249859069
acc_Cart Balancer (Assessment),-0.0001130582249859069
4030_g,-0.0001130582249859069
Tree Top City - Level 1_2000,-0.0001130582249859069
Bird Measurer (Assessment)_4025,-0.0001130582249859069
28f975ea,-0.0001130582249859069
Bug Measurer (Activity)_2000,-0.0001130582249859069
Mushroom Sorter (Assessment)_4100,-0.0001130582249859069
Air Show_3110,-0.0001130582249859069
Dino Drink_4031,-0.0001130582249859069
67439901,-0.0001130582249859069
Chicken Balancer (Activity)_4035,-0.0001130582249859069
2a444e03,-0.0001130582249859069
Cart Balancer (Assessment)_2030,-0.0001130582249859069
bb3e370b,-0.0001130582249859069
e694a35b,-0.0001130582249859069
99ea62f3,-0.0001130582249859069
Flower Waterer (Activity)_4020,-0.0001130582249859069
Crystals Rule_3120,-0.0001130582249859069
3ccd3f02,-0.0001130582249859069
4d911100,-0.0001130582249859069
Egg Dropper (Activity)_4020,-0.0001130582249859069
Tree Top City - Level 2,-0.0001130582249859069
51102b85,-0.0001130582249859069
Air Show_4010,-0.0001130582249859069
a1bbe385,-0.0001130582249859069
All Star Sorting_2000,-0.0001130582249859069
2b058fe3,-0.0001130582249859069
a52b92d5,-0.0001130582249859069
7f0836bf,-0.0001130582249859069
37937459,-0.0001130582249859069
4035,-0.0001130582249859291
accumulated_uncorrect_attempts,-0.0001130582249859291
Mushroom Sorter (Assessment)_3110,-0.0001507442999811648
0,-0.000150744299981187
4070,-0.000150744299981187
f32856e4,-0.000150744299981187
Bug Measurer (Activity),-0.000150744299981187
Cauldron Filler (Assessment)_3110,-0.000150744299981187
Chest Sorter (Assessment)_4070,-0.000150744299981187
Happy Camel_3021,-0.000150744299981187
3121_g,-0.000150744299981187
Happy Camel_2080,-0.0001507442999812092
Magma Peak - Level 2_2000,-0.0001507442999812092
Dino Drink_4020,-0.0001507442999812092
Dino Drink_4030,-0.0001507442999812092
Bottle Filler (Activity)_2000,-0.0001507442999812092
36fa3ebe,-0.0001507442999812092
d02b7a8e,-0.0001507442999812092
Game_duration_mean,-0.0001507442999812092
d45ed6a1,-0.0001507442999812092
b5053438,-0.0001507442999812092
Air Show_4020,-0.0001507442999812092
Chicken Balancer (Activity)_4020,-0.0001507442999812092
Bottle Filler (Activity)_4030,-0.0001507442999812092
Mushroom Sorter (Assessment)_4020,-0.0001507442999812092
Chow Time_3020,-0.0001507442999812092
532a2afb,-0.0001507442999812092
Bubble Bath_4220,-0.0001507442999812092
All Star Sorting_4020,-0.0001507442999812092
9e6b7fb5,-0.0001507442999812092
Scrub-A-Dub,-0.0001507442999812092
Mushroom Sorter (Assessment)_4070,-0.0001507442999812092
Chow Time_2030,-0.0001507442999812092
Dino Dive_3010,-0.0001507442999812092
Crystals Rule_4010,-0.0001884303749764671
c74f40cd,-0.0001884303749764671
Mushroom Sorter (Assessment)_3020,-0.0001884303749764671
0330ab6a,-0.0001884303749764671
Happy Camel_3121,-0.0001884303749764671
29bdd9ba,-0.0001884303749764893
Happy Camel_3010,-0.0001884303749764893
Egg Dropper (Activity)_4025,-0.0001884303749764893
Magma Peak - Level 2,-0.0001884303749764893
Bird Measurer (Assessment),-0.0001884303749764893
e79f3763,-0.0001884303749764893
2025,-0.0001884303749764893
3d63345e,-0.0001884303749764893
4020_A,-0.0001884303749764893
Scrub-A-Dub_3121,-0.0001884303749764893
All Star Sorting_3120,-0.0001884303749764893
53c6e11a,-0.0001884303749765115
Air Show_2000,-0.0001884303749765115
8d7e386c,-0.0001884303749765115
Chest Sorter (Assessment)_3120,-0.0001884303749765115
Sandcastle Builder (Activity)_4020,-0.0001884303749765115
Balancing Act,-0.0001884303749765115
56817e2b,-0.0001884303749765115
Ordering Spheres,-0.0001884303749765115
Sandcastle Builder (Activity)_4030,-0.0001884303749765115
Crystals Rule_4070,-0.0001884303749765115
1325467d,-0.0001884303749765115
c0415e5c,-0.0001884303749765115
c277e121,-0.0001884303749765115
709b1251,-0.0001884303749765115
a16a373e,-0.0001884303749765115
5859dfb6,-0.00022611644997174717
Game_duration_std,-0.00022611644997176937
Mushroom Sorter (Assessment)_3121,-0.00022611644997176937
49ed92e9,-0.00022611644997176937
Mushroom Sorter (Assessment)_3021,-0.00022611644997176937
04df9b66,-0.00022611644997176937
Pan Balance_4010,-0.00022611644997176937
Cart Balancer (Assessment)_3021,-0.00022611644997176937
4020_g,-0.00022611644997176937
2035_g,-0.00022611644997176937
26fd2d99,-0.00022611644997176937
2020_g,-0.00022611644997176937
Fireworks (Activity)_4070,-0.0002261164499717916
f93fc684,-0.0002261164499717916
Chest Sorter (Assessment)_3110,-0.0002261164499717916
Bubble Bath_2000,-0.0002261164499717916
3021_g,-0.0002261164499717916
Watering Hole (Activity),-0.0002261164499717916
48349b14,-0.0002261164499717916
4035_A,-0.0002261164499717916
Mushroom Sorter (Assessment)_2030,-0.0002261164499717916
9d29771f,-0.0002261164499717916
Crystals Rule_4020,-0.0002261164499717916
All Star Sorting_2025,-0.0002261164499717916
4235_g,-0.0002261164499717916
2dcad279,-0.0002261164499717916
3,-0.0002261164499717916
All Star Sorting_4070,-0.0002261164499717916
Cauldron Filler (Assessment)_3010,-0.0002638025249670495
Cauldron Filler (Assessment)_4025,-0.0002638025249670495
923afab1,-0.0002638025249670495
ec138c1c,-0.0002638025249670495
15a43e5b,-0.0002638025249670495
2000_g,-0.0002638025249670495
5000_A,-0.0002638025249670495
262136f4,-0.0002638025249670495
Cart Balancer (Assessment)_2010,-0.0002638025249670717
All Star Sorting_3020,-0.0002638025249670717
game_sum_event_count,-0.0002638025249670717
Watering Hole (Activity)_5010,-0.0002638025249670717
Cart Balancer (Assessment)_2000,-0.0002638025249670717
Bottle Filler (Activity)_2030,-0.0002638025249670717
8f094001,-0.0002638025249670717
73757a5e,-0.0002638025249670717
a8a78786,-0.0002638025249670717
46b50ba8,-0.0002638025249670717
acc_Mushroom Sorter (Assessment),-0.0002638025249670717
accumulated_correct_attempts,-0.0002638025249670939
857f21c0,-0.0003014885999623296
Chest Sorter (Assessment)_3010,-0.00030148859996235176
3110_g,-0.00030148859996235176
Dino Drink_3010,-0.00030148859996235176
Bug Measurer (Activity)_3010,-0.00030148859996235176
var_title_event_code,-0.00030148859996235176
5000,-0.00030148859996235176
Cauldron Filler (Assessment)_2010,-0.00030148859996235176
Cauldron Filler (Assessment)_4030,-0.00030148859996235176
Activity,-0.00030148859996235176
Crystal Caves - Level 2,-0.000301488599962374
3afde5dd,-0.000301488599962374
565a3990,-0.000301488599962374
a8876db3,-0.000301488599962374
9b4001e4,-0.00033917467495763186
Pan Balance_4025,-0.00033917467495763186
ea296733,-0.00033917467495763186
a8efe47b,-0.0003391746749576541
Cauldron Filler (Assessment)_4100,-0.0003391746749576541
Dino Dive_2020,-0.0003391746749576541
Watering Hole (Activity)_4025,-0.00037686074995291197
Dino Dive_2030,-0.0003768607499529342
Air Show_3021,-0.0003768607499529342
Happy Camel_2030,-0.0003768607499529342
Happy Camel_3110,-0.0003768607499529342
b2e5b0f1,-0.0003768607499529342
2030_g,-0.0003768607499529342
363c86c9,-0.00037686074995295636
30614231,-0.00041454682494821424
5c2f29ca,-0.00041454682494823647
var_event_code,-0.00041454682494823647
00c73085,-0.0004145468249482587
Chow Time_3121,-0.00045223289994349435
Sandcastle Builder (Activity)_4070,-0.0004522328999435166
var_event_id,-0.0004522328999435166
ecaab346,-0.0004522328999435166
Cart Balancer (Assessment),-0.0004522328999435166
acf5c23f,-0.0004522328999435166
c7f7f0e1,-0.0004522328999435166
Bug Measurer (Activity)_3110,-0.00045223289994353875
5290eab1,-0.00045223289994353875
b74258a0,-0.0004899189749388189
Bug Measurer (Activity)_4035,-0.0004899189749388189
Egg Dropper (Activity)_3010,-0.0004899189749388189
Egg Dropper (Activity),-0.0004899189749388189
Tree Top City - Level 3_2000,-0.0004899189749388189
792530f8,-0.000527605049934099
9e34ea74,-0.000527605049934099
Cart Balancer (Assessment)_3020,-0.0005276050499341212
Cart Balancer (Assessment)_4070,-0.0005652911249294012
Bug Measurer (Activity)_4070,-0.0005652911249294012
27253bdc,-0.0006029771999246814
Cauldron Filler (Assessment)_3021,-0.0006029771999246814
Egg Dropper (Activity)_3110,-0.0006029771999246814
Clip,-0.0006029771999247035
installation_session_count,-0.0006029771999247035
Activity_duration_mean,-0.0006406632749199837
Cart Balancer (Assessment)_3120,-0.0006783493499152637
022b4259,-0.0007160354249105439
bdf49a58,-0.0008290936498964064
Cart Balancer (Assessment)_3121,-0.0008290936498964285
5de79a6a,-0.0008667797248917309
2010,-0.0010175240248728513
